id,created_at,name,slug
1,2023-05-15 09:30:00,Teknoloji Dünyası,teknoloji-dunyasi
2,2023-06-20 14:15:00,Mutfak Sanatı,mutfak-sanati
3,2023-07-10 11:45:00,Spor Yaşam,spor-yasam
4,2023-08-05 16:20:00,Ev Konfor,ev-konfor
5,2023-09-12 10:10:00,Moda Trend,moda-trend
6,2023-10-18 13:55:00,Doğa Dostu,doga-dostu
7,2023-11-25 15:30:00,Sağlık Plus,saglik-plus
8,2023-12-08 12:25:00,Güzellik Merkezi,guzellik-merkezi
9,2024-01-14 08:40:00,Oyun Dünyası,oyun-dunyasi
10,2024-02-22 17:15:00,Lezzet Durağı,lezzet-duragi
11,2024-03-30 11:20:00,Yaratıcı Atölye,yaratici-atolye
12,2024-04-16 14:50:00,Temizlik Uzmanı,temizlik-uzmani
13,2024-05-08 09:15:00,Elektronik Merkez,elektronik-merkez
14,2024-06-12 16:40:00,Bahçe Dünyası,bahce-dunyasi
15,2024-07-25 13:30:00,Fitness Zone,fitness-zone
16,2024-08-14 10:45:00,Müzik Atölyesi,muzik-atolyesi
17,2024-09-03 15:25:00,Seyahat Rehberi,seyahat-rehberi
18,2024-10-11 12:10:00,Ofis Çözümleri,ofis-cozumleri
19,2024-11-19 14:35:00,Pet Care,pet-care
20,2024-12-07 11:50:00,Kültür Sanat,kultur-sanat
21,2025-01-15 16:20:00,Akıllı Yaşam,akilli-yasam
22,2025-02-28 09:40:00,El Sanatları,el-sanatlari
23,2025-03-12 13:15:00,Retro Oyun,retro-oyun
24,2025-04-18 15:45:00,Gerçek Teknoloji,gercek-teknoloji
25,2025-05-22 10:30:00,Bağlantı Hub,baglanti-hub
26,2025-06-08 12:20:00,Minimal Design,minimal-design
27,2025-07-14 14:55:00,Fotoğraf Stüdyosu,fotograf-studyosu
28,2025-08-03 11:35:00,Hijyen Merkezi,hijyen-merkezi
29,2025-09-17 16:10:00,Beslenme Rehberi,beslenme-rehberi
30,2025-10-25 13:45:00,Eğlence Merkezi,eglence-merkezi
31,2025-11-12 09:25:00,Yazılım Dünyası,yazilim-dunyasi
32,2025-12-20 15:20:00,Gerçek Sohbet,gercek-sohbet
33,2024-01-28 10:15:00,Blog Platformu,blog-platformu
34,2024-02-14 17:30:00,Sohbet Noktası,sohbet-noktasi
35,2024-03-22 12:50:00,Konu Paylaşımı,konu-paylasimi
36,2024-04-09 14:40:00,İletişim Merkezi,iletisim-merkezi
37,2024-05-16 11:15:00,Aktif Yaşam,aktif-yasam
38,2024-06-24 16:25:00,Pro Teknoloji,pro-teknoloji
39,2024-07-13 13:35:00,Etiket Dünyası,etiket-dunyasi
40,2024-08-21 10:45:00,Yarış Merkezi,yaris-merkezi
41,2024-09-18 15:55:00,Teknik Liste,teknik-liste
42,2024-10-26 12:30:00,Parlak Köpek,parlak-kopek
43,2024-11-14 14:20:00,Sıçrama X,sicrama-x
44,2024-12-22 11:40:00,İrlanda Tech,irlanda-tech
45,2025-01-08 16:15:00,Vooni Teknoloji,vooni-teknoloji
46,2025-02-15 13:25:00,Sohbet Köprüsü,sohbet-koprusu
47,2025-03-24 10:50:00,Vızıltı Köpeği,vizilti-kopegi
48,2025-04-12 15:35:00,Etiket Besini,etiket-besini
49,2025-05-19 12:45:00,Kayma Medya,kayma-medya
50,2025-06-27 14:10:00,Nova Teknoloji,nova-teknoloji
51,2025-07-16 11:30:00,Voonte Dijital,voonte-dijital
52,2025-08-23 16:45:00,Grup Teknoloji,grup-teknoloji
53,2025-09-11 13:20:00,Fotoğraf Atölyesi,fotograf-atolyesi
54,2025-10-19 10:55:00,Flaş Noktası,flas-noktasi
55,2025-11-07 15:40:00,Beslenme Aralığı,beslenme-araligi
56,2025-12-15 12:25:00,Atlama Tüpü,atlama-tupu
57,2024-01-23 14:15:00,Görüntü Platformu,goruntu-platformu
58,2024-02-29 11:50:00,Solma Dijital,solma-dijital
59,2024-03-18 16:35:00,Bölüm Teknoloji,bolum-teknoloji
60,2024-04-26 13:10:00,Merkez İzu,merkez-izu
61,2024-05-14 10:25:00,Dinamik Kutu,dinamik-kutu
62,2024-06-22 15:50:00,Bilişsel Taş,bilissel-tas
63,2024-07-30 12:40:00,Vool Teknoloji,vool-teknoloji
64,2024-08-17 14:30:00,Çevik Medya,cevik-medya
65,2024-09-25 11:15:00,Sen Aralık,sen-aralik
66,2024-10-13 16:20:00,İkili Yo,ikili-yo
67,2024-11-21 13:45:00,Gökyüzü Görünümü,gokyuzu-gorunumu
68,2024-12-29 10:35:00,Zaman Aralığı,zaman-araligi
69,2025-01-16 15:25:00,Oloo Teknoloji,oloo-teknoloji
70,2025-02-24 12:50:00,Dab Besini,dab-besini
71,2025-03-13 14:40:00,Ea Kutusu,ea-kutusu
72,2025-04-21 11:30:00,Konu Salonu,konu-salonu
73,2025-05-29 16:15:00,Oyope Medya,oyope-medya
74,2025-06-17 13:55:00,İkili Mambo,ikili-mambo
75,2025-07-25 10:20:00,Rhyny Teknoloji,rhyny-teknoloji
76,2025-08-12 15:45:00,Eidel Design,eidel-design
77,2025-09-20 12:30:00,Çevirme Melodisi,cevirme-melodisi
78,2025-10-28 14:20:00,Sosyal Sohbet,sosyal-sohbet
79,2025-11-16 11:40:00,Kreatif Fotoğraf,kreatif-fotograf
80,2025-12-24 16:10:00,Beyin Evreni,beyin-evreni
81,2024-01-22 13:25:00,Dijital Kutu,dijital-kutu
82,2024-02-28 10:50:00,Orta Teknoloji,orta-teknoloji
83,2024-03-17 15:35:00,Vion Teknoloji,vion-teknoloji
84,2024-04-25 12:15:00,Chat Bridge,chat-bridge
85,2024-05-13 14:55:00,Fotoğraf Listesi,fotograf-listesi
86,2024-06-21 11:40:00,Vitz Medya,vitz-medya
87,2024-07-29 16:25:00,N Etiketleri,n-etiketleri
88,2024-08-16 13:10:00,Janyx Teknoloji,janyx-teknoloji
89,2024-09-24 10:45:00,Skinix Design,skinix-design
90,2024-10-12 15:30:00,Twitter İşleri,twitter-isleri
91,2024-11-20 12:20:00,Meezzy Medya,meezzy-medya
92,2024-12-28 14:40:00,Quaxo Teknoloji,quaxo-teknoloji
93,2025-01-15 11:55:00,Label World,label-world
94,2025-02-23 16:15:00,Mudo Style,mudo-style
95,2025-03-12 13:35:00,Sport Life,sport-life
96,2025-04-20 10:25:00,Vimbo Teknoloji,vimbo-teknoloji
97,2025-05-28 15:50:00,Tag Universe,tag-universe
98,2025-06-16 12:40:00,Video Platformu,video-platformu
99,2025-07-24 14:30:00,Kwinu Medya,kwinu-medya
100,2025-08-11 11:20:00,Gab Noktası,gab-noktasi
