id,created_at,email,name,role
1,2024-01-15T10:30:00Z,ahmet.yilmaz@email.com,Ahmet Yılmaz,user
2,2024-01-16T14:22:00Z,elif.kaya@email.com,Elif Kaya,user
3,2024-01-17T09:15:00Z,mehmet.demir@email.com,Mehmet Demir,admin
4,2024-01-18T16:45:00Z,zeynep.ozkan@email.com,Zeynep Özkan,user
5,2024-01-19T11:20:00Z,can.arslan@email.com,Can Arslan,user
6,2024-01-20T13:35:00Z,seda.celik@email.com,Seda Çelik,user
7,2024-01-21T08:50:00Z,emre.sahin@email.com,Emre Şahin,user
8,2024-01-22T15:10:00Z,ayse.guler@email.com,Ayşe Güler,admin
9,2024-01-23T12:25:00Z,burak.koc@email.com,Burak Koç,user
10,2024-01-24T17:40:00Z,derya.yildiz@email.com,Derya Yıldız,user
11,2024-01-25T09:55:00Z,murat.ozdemir@email.com,Murat Özdemir,user
12,2024-01-26T14:30:00Z,tugba.aydin@email.com,Tuğba Aydın,user
13,2024-01-27T11:15:00Z,kerem.karaca@email.com,Kerem Karaca,user
14,2024-01-28T16:20:00Z,pinar.ozel@email.com,Pınar Özel,admin
15,2024-01-29T10:45:00Z,onur.kurt@email.com,Onur Kurt,user
16,2024-01-30T13:25:00Z,fatma.altun@email.com,Fatma Altun,user
17,2024-01-31T09:10:00Z,hasan.polat@email.com,Hasan Polat,user
18,2024-02-01T15:35:00Z,esra.duran@email.com,Esra Duran,user
19,2024-02-02T11:50:00Z,serkan.yavuz@email.com,Serkan Yavuz,admin
20,2024-02-03T14:15:00Z,merve.tas@email.com,Merve Taş,user
21,2024-02-04T10:40:00Z,tolga.sen@email.com,Tolga Şen,user
22,2024-02-05T16:25:00Z,burcu.kaya@email.com,Burcu Kaya,user
23,2024-02-06T12:55:00Z,yakup.erdogan@email.com,Yakup Erdoğan,user
24,2024-02-07T09:30:00Z,deniz.aktas@email.com,Deniz Aktaş,admin
25,2024-02-08T15:20:00Z,gizem.unal@email.com,Gizem Ünal,user
26,2024-02-09T11:45:00Z,baris.cetinkaya@email.com,Barış Çetinkaya,user
27,2024-02-10T14:10:00Z,neslihan.korkmaz@email.com,Neslihan Korkmaz,user
28,2024-02-11T10:35:00Z,cem.bayrak@email.com,Cem Bayrak,user
29,2024-02-12T16:50:00Z,selin.dogan@email.com,Selin Doğan,admin
30,2024-02-13T13:15:00Z,ali.ozturk@email.com,Ali Öztürk,user
31,2024-02-14T09:40:00Z,canan.yildirim@email.com,Canan Yıldırım,user
32,2024-02-15T15:25:00Z,emrah.kara@email.com,Emrah Kara,user
33,2024-02-16T11:55:00Z,ipek.acar@email.com,İpek Acar,user
34,2024-02-17T14:30:00Z,oğuz.aslan@email.com,Oğuz Aslan,admin
35,2024-02-18T10:20:00Z,damla.yazar@email.com,Damla Yazar,user
36,2024-02-19T16:45:00Z,kaan.ince@email.com,Kaan İnce,user
37,2024-02-20T12:10:00Z,gamze.kilic@email.com,Gamze Kılıç,user
38,2024-02-21T09:35:00Z,volkan.ergul@email.com,Volkan Ergül,user
39,2024-02-22T15:00:00Z,begum.mutlu@email.com,Begüm Mutlu,admin
40,2024-02-23T11:25:00Z,taner.topal@email.com,Taner Topal,user